dataset,config,dialect,n_samples,clean_wer,snr15db_wer,snr10db_wer,clean_norm_wer,snr15db_norm_wer,snr10db_norm_wer,clean_cer,snr15db_cer,snr10db_cer,clean_norm_cer,snr15db_norm_cer,snr10db_norm_cer
formospeech/ithuan_formosan,ami-x-skl,ami-x-skl,20,9.05,11.56,14.07,5.03,7.04,9.55,1.83,2.36,3.06,1.08,1.45,2.08
formospeech/ithuan_formosan,trv-x-tgdy,trv-x-tgdy,20,14.92,16.57,17.13,6.63,7.73,8.29,3.06,3.48,3.59,1.53,1.64,1.75
formospeech/ithuan_formosan,trv-x-truku,trv-x-truku,19,4.12,4.12,7.73,2.58,2.06,3.61,0.71,0.71,1.42,0.42,0.31,0.62
formospeech/klokah,ami-x-frng,ami-x-frng,541,6.09,9.6,11.93,4.63,7.82,10.02,1.84,2.69,3.35,1.6,2.39,3.0
formospeech/klokah,ami-x-iams,ami-x-iams,503,8.27,12.4,16.28,6.09,8.7,11.82,1.72,2.67,3.96,1.32,1.91,3.08
formospeech/klokah,ami-x-pld,ami-x-pld,488,8.19,12.94,17.29,5.49,9.18,13.38,1.57,2.6,3.88,1.07,1.86,3.09
formospeech/klokah,ami-x-pswl,ami-x-pswl,624,5.66,9.08,12.48,3.31,6.0,8.79,1.04,1.86,2.73,0.61,1.27,2.0
formospeech/klokah,ami-x-skl,ami-x-skl,547,6.87,10.36,12.68,4.65,7.79,9.68,1.5,2.35,3.19,1.06,1.85,2.53
formospeech/klokah,bnn-x-bkh,bnn-x-bkh,466,20.76,27.38,31.1,16.71,22.45,26.75,5.9,7.38,8.86,5.18,6.45,7.93
formospeech/klokah,bnn-x-bnz,bnn-x-bnz,450,10.1,15.79,20.29,7.19,12.13,16.19,2.55,3.96,5.19,2.03,3.27,4.33
formospeech/klokah,bnn-x-isbk,bnn-x-isbk,799,10.68,16.5,20.4,7.66,12.74,16.34,2.23,3.34,4.41,1.68,2.63,3.63
formospeech/klokah,bnn-x-td,bnn-x-td,514,13.76,18.38,21.09,10.77,14.31,16.75,2.83,3.76,4.51,2.31,3.06,3.71
formospeech/klokah,bnn-x-vtn,bnn-x-vtn,484,16.0,21.54,26.11,11.69,16.26,19.6,4.52,5.92,6.89,3.8,4.98,5.74
formospeech/klokah,ckv,ckv,700,7.08,10.89,13.32,4.58,7.61,9.64,1.69,2.62,3.34,1.22,2.0,2.63
formospeech/klokah,dru-x-kgdv,dru-x-kgdv,485,16.56,25.53,32.02,13.63,21.77,28.0,3.87,6.54,8.97,3.41,5.83,8.14
formospeech/klokah,dru-x-lbw,dru-x-lbw,539,12.39,18.73,23.69,9.21,15.12,20.03,3.41,4.71,6.4,2.85,4.02,5.64
formospeech/klokah,dru-x-ngdr,dru-x-ngdr,680,12.43,18.9,23.98,8.5,14.97,20.0,3.74,4.55,6.44,3.16,3.87,5.71
formospeech/klokah,dru-x-opnh,dru-x-opnh,490,16.05,29.61,36.16,12.68,25.66,32.16,3.55,6.66,9.77,3.11,6.05,9.07
formospeech/klokah,dru-x-tldr,dru-x-tldr,450,37.98,45.94,50.25,34.88,42.34,46.6,9.4,11.85,13.8,8.64,10.97,12.8
formospeech/klokah,dru-x-trmk,dru-x-trmk,520,14.73,21.88,27.0,11.61,17.89,23.04,3.12,4.72,6.42,2.57,3.98,5.59
formospeech/klokah,pwn-x-kcdsn,pwn-x-kcdsn,510,11.14,16.13,18.72,8.7,12.53,14.62,2.29,3.37,4.32,1.89,2.76,3.57
formospeech/klokah,pwn-x-pnvn,pwn-x-pnvn,514,9.7,13.46,16.16,8.1,11.29,13.84,2.09,3.1,3.8,1.8,2.68,3.33
formospeech/klokah,pwn-x-vnrn,pwn-x-vnrn,817,11.14,16.19,20.05,8.6,13.32,16.97,2.54,3.87,4.89,2.13,3.35,4.32
formospeech/klokah,pwn-x-ynvl,pwn-x-ynvl,530,13.32,17.87,21.09,11.32,15.15,18.24,3.08,4.23,5.33,2.71,3.73,4.77
formospeech/klokah,pyu-x-ksvk,pyu-x-ksvk,512,5.31,9.53,13.75,2.98,6.55,10.11,1.09,2.36,3.64,0.65,1.77,2.85
formospeech/klokah,pyu-x-ktrp,pyu-x-ktrp,565,6.17,10.31,13.77,3.49,6.92,10.24,1.27,2.45,4.0,0.79,1.81,3.25
formospeech/klokah,pyu-x-mkzy,pyu-x-mkzy,490,6.85,11.56,15.37,3.85,8.04,11.26,1.82,3.2,4.51,1.29,2.52,3.68
formospeech/klokah,pyu-x-pym,pyu-x-pym,772,3.7,6.91,9.74,2.24,5.09,7.7,0.86,1.61,2.34,0.61,1.3,1.98
formospeech/klokah,ssf,ssf,594,8.33,10.92,13.86,4.72,7.24,9.62,2.3,3.27,4.28,1.66,2.63,3.5
formospeech/klokah,sxr,sxr,702,13.88,21.03,24.97,10.34,16.53,20.41,2.11,3.41,4.28,1.63,2.77,3.59
formospeech/klokah,szy,szy,737,7.22,11.02,14.48,4.18,7.0,10.26,1.79,2.69,3.72,1.21,1.93,2.89
formospeech/klokah,tao,tao,693,12.44,17.43,21.35,9.61,14.3,18.18,3.57,5.26,7.1,3.0,4.56,6.35
formospeech/klokah,tay-x-cql,tay-x-cql,515,8.07,12.07,15.55,5.05,8.63,11.76,2.32,3.52,4.65,1.71,2.81,3.87
formospeech/klokah,tay-x-kls,tay-x-kls,540,5.45,9.61,12.81,3.03,6.2,9.13,1.8,3.03,4.05,1.29,2.31,3.21
formospeech/klokah,tay-x-mtuw,tay-x-mtuw,471,9.44,16.38,20.16,7.85,13.9,17.93,3.27,5.98,7.75,2.99,5.5,7.22
formospeech/klokah,tay-x-plngw,tay-x-plngw,521,8.43,13.84,17.33,6.35,10.78,13.88,1.96,3.76,5.12,1.52,3.12,4.35
formospeech/klokah,tay-x-sql,tay-x-sql,775,6.3,10.51,14.78,4.15,7.64,11.67,1.76,2.88,4.87,1.32,2.3,4.26
formospeech/klokah,tay-x-sul,tay-x-sul,479,6.83,11.15,15.82,3.51,7.45,11.38,1.89,3.13,4.86,1.24,2.37,3.91
formospeech/klokah,trv-x-td,trv-x-td,519,6.3,9.72,13.66,3.87,6.26,9.75,1.98,2.85,4.22,1.46,2.11,3.41
formospeech/klokah,trv-x-tgdy,trv-x-tgdy,657,8.23,12.14,15.26,4.81,8.1,10.72,2.94,4.19,5.37,2.32,3.43,4.48
formospeech/klokah,trv-x-trk,trv-x-trk,528,9.1,11.0,13.03,6.83,8.03,9.96,4.67,5.51,6.3,4.28,5.0,5.71
formospeech/klokah,trv-x-truku,trv-x-truku,670,6.24,8.72,10.91,3.8,5.53,7.32,2.33,2.97,3.83,1.86,2.32,3.08
formospeech/klokah,tsu,tsu,767,11.61,15.55,18.76,8.94,12.59,15.61,3.62,4.81,5.92,3.14,4.26,5.31
formospeech/klokah,xnb,xnb,747,8.18,10.33,12.7,3.66,5.51,7.8,1.85,2.35,3.01,1.14,1.56,2.2
formospeech/klokah,xsy,xsy,617,12.07,16.29,19.41,8.78,12.32,15.02,3.39,4.65,6.32,2.85,3.92,5.49
